iiserid,name,courseid,email,website
26,Pranay Goel,bio310,pgoel@iiserpune.ac.in,https://www.iiserpune.ac.in/people/faculty-details/26
48,Girish Ratnaparkhi,bio320,girish@iiserpune.ac.in,https://www.iiserpune.ac.in/people/faculty-details/48
49,Richa Ricky,bio320,richa@iiserpune.ac.in,https://www.iiserpune.ac.in/people/faculty-details/49
108,M S Madhusudhan,bio314,madhusudhan@iiserpune.ac.in,https://www.iiserpune.ac.in/people/faculty-details/108
114,Raghav Rajan,bio310,raghav@iiserpune.ac.in,https://www.iiserpune.ac.in/people/faculty-details/114
131,Suhita Nadkarni,bio316,suhita@iiserpune.ac.in,https://www.iiserpune.ac.in/people/faculty-details/131
148,Nixon Abraham M,bio316,nabraham@iiserpune.ac.in,https://www.iiserpune.ac.in/people/faculty-details/148
1001,Anand Krishnan,bio355,anandk@iiserpune.ac.in,https://www.iiserpune.ac.in/people/fellows-details/136